,explore,sky,nikon,2007,blue,bw,canon,water,portrait,red,night,nature,green,sunset,clouds,macro,light,flower,abigfave,white,selfportrait,beach,yellow,dog,me,interestingness,geotagged,landscape,art,flowers,street,i500,architecture,365days,blackandwhite,tree,graffiti,reflection,california,black,impressedbeauty,nyc,people,city,naturesfinest,london,sun,explored,sea,diamondclassphotographer,anawesomeshot,france,japan,2008,pink,usa,italy,snow,canada,color,orange,film,spring,girl,urban,sanfrancisco,supershot,hdr,trees,paris,newyork,d80,travel,winter,food,bird,self,sign,50mm,building,summer,bokeh,home,love,d50,streetart,e,colors,italia,lake,lights,music,river,shadow,india,man,photoshop,chicago,vintage,park
explore,,58.0,49.0,61.0,58.0,42.0,54.0,40.0,42.0,41.0,41.0,44.0,24.0,45.0,34.0,42.0,38.0,41.0,43.0,32.0,36.0,16.0,23.0,23.0,28.0,177.0,52.0,26.0,12.0,24.0,26.0,106.0,35.0,25.0,23.0,30.0,10.0,25.0,25.0,17.0,25.0,30.0,21.0,34.0,30.0,32.0,30.0,81.0,16.0,27.0,21.0,22.0,14.0,21.0,17.0,28.0,23.0,9.0,13.0,14.0,27.0,22.0,16.0,9.0,22.0,7.0,21.0,13.0,15.0,13.0,24.0,9.0,16.0,13.0,13.0,12.0,17.0,10.0,13.0,17.0,16.0,19.0,14.0,6.0,18.0,4.0,4.0,22.0,16.0,11.0,28.0,9.0,12.0,15.0,7.0,10.0,14.0,6.0,5.0,6.0
sky,58.0,,32.0,24.0,149.0,17.0,30.0,50.0,8.0,28.0,52.0,50.0,39.0,86.0,212.0,7.0,26.0,19.0,20.0,17.0,3.0,29.0,37.0,1.0,3.0,24.0,14.0,66.0,5.0,17.0,11.0,12.0,19.0,0.0,9.0,46.0,0.0,37.0,17.0,11.0,16.0,6.0,13.0,27.0,15.0,7.0,54.0,20.0,38.0,7.0,11.0,10.0,9.0,10.0,14.0,11.0,11.0,11.0,15.0,20.0,18.0,12.0,23.0,2.0,18.0,6.0,13.0,17.0,39.0,8.0,5.0,6.0,11.0,11.0,0.0,10.0,1.0,10.0,1.0,20.0,18.0,1.0,5.0,3.0,5.0,1.0,6.0,13.0,8.0,18.0,18.0,3.0,17.0,11.0,4.0,2.0,9.0,3.0,1.0,8.0
nikon,49.0,32.0,,31.0,28.0,39.0,0.0,31.0,30.0,21.0,31.0,39.0,14.0,18.0,28.0,23.0,23.0,12.0,15.0,11.0,10.0,13.0,9.0,10.0,8.0,33.0,18.0,27.0,10.0,8.0,14.0,26.0,12.0,13.0,17.0,16.0,1.0,18.0,13.0,9.0,11.0,7.0,17.0,14.0,17.0,4.0,12.0,21.0,7.0,14.0,14.0,6.0,11.0,15.0,10.0,20.0,6.0,11.0,14.0,14.0,8.0,8.0,7.0,5.0,14.0,1.0,9.0,19.0,13.0,9.0,3.0,112.0,16.0,10.0,1.0,8.0,8.0,4.0,29.0,4.0,7.0,24.0,2.0,6.0,86.0,1.0,13.0,19.0,3.0,14.0,9.0,4.0,6.0,6.0,6.0,5.0,7.0,1.0,3.0,11.0
2007,61.0,24.0,31.0,,27.0,19.0,28.0,12.0,14.0,28.0,16.0,21.0,16.0,14.0,8.0,18.0,16.0,13.0,19.0,15.0,18.0,12.0,12.0,7.0,13.0,52.0,16.0,13.0,18.0,13.0,14.0,34.0,7.0,11.0,7.0,14.0,10.0,10.0,12.0,15.0,15.0,12.0,23.0,10.0,14.0,12.0,6.0,11.0,6.0,12.0,10.0,11.0,19.0,3.0,7.0,33.0,13.0,8.0,8.0,9.0,9.0,19.0,23.0,3.0,8.0,6.0,4.0,5.0,4.0,8.0,13.0,6.0,16.0,11.0,8.0,3.0,3.0,9.0,5.0,5.0,24.0,6.0,9.0,2.0,8.0,5.0,7.0,7.0,13.0,6.0,6.0,4.0,5.0,1.0,6.0,8.0,8.0,3.0,4.0,3.0
blue,58.0,149.0,28.0,27.0,,5.0,27.0,71.0,20.0,60.0,24.0,43.0,79.0,18.0,65.0,25.0,32.0,33.0,25.0,39.0,11.0,25.0,59.0,5.0,11.0,28.0,11.0,30.0,9.0,21.0,10.0,14.0,12.0,11.0,2.0,23.0,1.0,23.0,11.0,9.0,10.0,6.0,9.0,13.0,11.0,5.0,21.0,13.0,31.0,11.0,13.0,7.0,7.0,8.0,27.0,12.0,5.0,12.0,14.0,27.0,33.0,6.0,19.0,8.0,5.0,4.0,7.0,14.0,21.0,5.0,5.0,10.0,11.0,9.0,1.0,9.0,3.0,9.0,5.0,18.0,9.0,10.0,2.0,6.0,5.0,1.0,7.0,18.0,3.0,15.0,11.0,5.0,8.0,10.0,5.0,5.0,10.0,2.0,2.0,8.0
bw,42.0,17.0,39.0,19.0,5.0,,26.0,15.0,58.0,2.0,20.0,14.0,0.0,4.0,13.0,8.0,19.0,2.0,12.0,40.0,25.0,12.0,1.0,14.0,17.0,11.0,11.0,16.0,8.0,3.0,29.0,11.0,19.0,15.0,135.0,10.0,3.0,17.0,12.0,43.0,5.0,6.0,24.0,13.0,2.0,4.0,7.0,16.0,10.0,7.0,4.0,10.0,9.0,9.0,0.0,13.0,21.0,10.0,11.0,0.0,0.0,19.0,4.0,21.0,13.0,5.0,6.0,2.0,10.0,11.0,2.0,8.0,5.0,7.0,1.0,3.0,6.0,4.0,12.0,10.0,4.0,5.0,2.0,5.0,4.0,0.0,5.0,2.0,10.0,5.0,4.0,5.0,6.0,13.0,3.0,25.0,6.0,3.0,3.0,4.0
canon,54.0,30.0,0.0,28.0,27.0,26.0,,28.0,27.0,12.0,20.0,32.0,13.0,19.0,20.0,24.0,17.0,17.0,16.0,19.0,13.0,17.0,6.0,13.0,11.0,13.0,8.0,13.0,10.0,3.0,17.0,17.0,8.0,7.0,13.0,9.0,2.0,8.0,8.0,13.0,5.0,7.0,16.0,16.0,6.0,10.0,18.0,17.0,7.0,13.0,8.0,13.0,7.0,9.0,2.0,13.0,16.0,5.0,9.0,18.0,6.0,2.0,14.0,13.0,8.0,2.0,8.0,10.0,7.0,4.0,10.0,0.0,16.0,7.0,2.0,6.0,8.0,2.0,22.0,4.0,9.0,16.0,7.0,5.0,0.0,1.0,8.0,6.0,10.0,6.0,8.0,7.0,7.0,7.0,8.0,7.0,4.0,0.0,3.0,5.0
water,40.0,50.0,31.0,12.0,71.0,15.0,28.0,,2.0,17.0,29.0,74.0,31.0,28.0,40.0,28.0,25.0,8.0,20.0,19.0,2.0,42.0,13.0,4.0,1.0,9.0,8.0,62.0,3.0,1.0,1.0,13.0,6.0,1.0,8.0,16.0,0.0,63.0,10.0,8.0,15.0,0.0,8.0,11.0,13.0,3.0,24.0,5.0,47.0,8.0,18.0,6.0,4.0,2.0,3.0,10.0,7.0,14.0,31.0,14.0,11.0,3.0,6.0,3.0,3.0,2.0,15.0,8.0,20.0,1.0,1.0,7.0,12.0,18.0,1.0,11.0,0.0,1.0,4.0,6.0,13.0,7.0,3.0,2.0,7.0,0.0,5.0,8.0,3.0,62.0,5.0,0.0,36.0,3.0,2.0,2.0,4.0,7.0,0.0,11.0
portrait,42.0,8.0,30.0,14.0,20.0,58.0,27.0,2.0,,14.0,3.0,6.0,12.0,3.0,4.0,3.0,11.0,2.0,9.0,17.0,51.0,7.0,5.0,18.0,48.0,21.0,3.0,0.0,8.0,6.0,13.0,18.0,0.0,27.0,22.0,3.0,2.0,12.0,5.0,20.0,6.0,9.0,28.0,4.0,1.0,1.0,3.0,11.0,4.0,5.0,4.0,5.0,3.0,7.0,6.0,7.0,4.0,5.0,6.0,8.0,3.0,6.0,5.0,50.0,4.0,6.0,3.0,2.0,2.0,5.0,6.0,4.0,3.0,4.0,0.0,2.0,59.0,1.0,17.0,0.0,5.0,8.0,4.0,4.0,7.0,1.0,6.0,2.0,2.0,2.0,1.0,4.0,3.0,7.0,6.0,20.0,6.0,1.0,3.0,4.0
red,41.0,28.0,21.0,28.0,60.0,2.0,12.0,17.0,14.0,,16.0,12.0,59.0,22.0,13.0,27.0,17.0,36.0,14.0,42.0,15.0,5.0,50.0,3.0,11.0,15.0,7.0,4.0,9.0,11.0,14.0,7.0,6.0,12.0,1.0,16.0,3.0,9.0,12.0,32.0,10.0,6.0,8.0,10.0,12.0,7.0,9.0,8.0,7.0,11.0,7.0,10.0,9.0,6.0,23.0,12.0,1.0,6.0,11.0,22.0,36.0,5.0,9.0,4.0,12.0,4.0,5.0,4.0,8.0,4.0,6.0,7.0,4.0,4.0,7.0,2.0,3.0,11.0,2.0,5.0,8.0,11.0,4.0,11.0,3.0,6.0,2.0,19.0,1.0,4.0,10.0,5.0,5.0,9.0,8.0,5.0,2.0,2.0,6.0,5.0
night,41.0,52.0,31.0,16.0,24.0,20.0,20.0,29.0,3.0,16.0,,4.0,8.0,16.0,19.0,1.0,55.0,1.0,6.0,4.0,4.0,15.0,7.0,0.0,5.0,13.0,10.0,11.0,8.0,0.0,29.0,7.0,19.0,1.0,8.0,13.0,0.0,17.0,16.0,6.0,7.0,19.0,9.0,40.0,2.0,8.0,3.0,9.0,7.0,6.0,4.0,7.0,4.0,2.0,2.0,14.0,12.0,14.0,5.0,7.0,3.0,9.0,1.0,3.0,21.0,11.0,5.0,6.0,9.0,5.0,18.0,9.0,3.0,5.0,0.0,0.0,1.0,2.0,3.0,12.0,5.0,5.0,5.0,1.0,12.0,0.0,3.0,9.0,7.0,5.0,50.0,1.0,12.0,7.0,2.0,3.0,4.0,7.0,1.0,4.0
nature,44.0,50.0,39.0,21.0,43.0,14.0,32.0,74.0,6.0,12.0,4.0,,55.0,22.0,30.0,73.0,13.0,65.0,31.0,10.0,2.0,17.0,32.0,1.0,3.0,18.0,10.0,63.0,10.0,39.0,2.0,15.0,0.0,0.0,6.0,35.0,0.0,13.0,3.0,5.0,28.0,1.0,3.0,5.0,43.0,3.0,23.0,8.0,11.0,15.0,17.0,7.0,0.0,10.0,11.0,13.0,6.0,14.0,24.0,16.0,8.0,2.0,29.0,1.0,5.0,0.0,16.0,5.0,34.0,0.0,2.0,5.0,13.0,15.0,1.0,32.0,2.0,0.0,1.0,0.0,11.0,5.0,3.0,5.0,11.0,0.0,5.0,13.0,2.0,24.0,5.0,0.0,16.0,6.0,6.0,2.0,2.0,0.0,0.0,16.0
green,24.0,39.0,14.0,16.0,79.0,0.0,13.0,31.0,12.0,59.0,8.0,55.0,,4.0,15.0,44.0,21.0,35.0,17.0,28.0,8.0,3.0,50.0,4.0,10.0,9.0,8.0,17.0,11.0,23.0,8.0,7.0,8.0,8.0,0.0,24.0,3.0,6.0,8.0,11.0,14.0,7.0,5.0,5.0,11.0,4.0,7.0,7.0,4.0,8.0,9.0,3.0,3.0,5.0,29.0,8.0,5.0,4.0,8.0,25.0,26.0,2.0,25.0,6.0,6.0,3.0,4.0,4.0,23.0,3.0,8.0,3.0,2.0,2.0,4.0,4.0,3.0,1.0,3.0,9.0,7.0,12.0,1.0,7.0,8.0,2.0,3.0,17.0,1.0,3.0,6.0,3.0,6.0,7.0,2.0,3.0,6.0,0.0,6.0,6.0
sunset,45.0,86.0,18.0,14.0,18.0,4.0,19.0,28.0,3.0,22.0,16.0,22.0,4.0,,74.0,2.0,21.0,2.0,15.0,2.0,1.0,44.0,12.0,1.0,1.0,13.0,11.0,26.0,4.0,0.0,4.0,11.0,4.0,0.0,3.0,24.0,0.0,17.0,15.0,6.0,12.0,10.0,8.0,14.0,17.0,2.0,63.0,6.0,36.0,9.0,10.0,1.0,1.0,5.0,4.0,7.0,10.0,5.0,7.0,7.0,20.0,4.0,2.0,2.0,7.0,9.0,8.0,16.0,13.0,1.0,9.0,3.0,8.0,9.0,0.0,1.0,0.0,3.0,1.0,5.0,14.0,1.0,4.0,3.0,4.0,0.0,2.0,8.0,9.0,15.0,6.0,1.0,12.0,5.0,3.0,3.0,2.0,1.0,0.0,4.0
clouds,34.0,212.0,28.0,8.0,65.0,13.0,20.0,40.0,4.0,13.0,19.0,30.0,15.0,74.0,,1.0,19.0,1.0,13.0,11.0,2.0,21.0,12.0,1.0,2.0,12.0,13.0,47.0,4.0,2.0,11.0,11.0,20.0,0.0,9.0,24.0,0.0,28.0,11.0,7.0,7.0,11.0,4.0,20.0,12.0,1.0,38.0,11.0,23.0,6.0,8.0,3.0,1.0,8.0,7.0,8.0,8.0,14.0,16.0,12.0,10.0,4.0,13.0,2.0,16.0,3.0,6.0,30.0,24.0,6.0,10.0,5.0,8.0,11.0,0.0,5.0,1.0,2.0,0.0,11.0,14.0,1.0,4.0,2.0,5.0,0.0,2.0,6.0,6.0,16.0,7.0,1.0,8.0,6.0,1.0,2.0,5.0,3.0,1.0,6.0
macro,42.0,7.0,23.0,18.0,25.0,8.0,24.0,28.0,3.0,27.0,1.0,73.0,44.0,2.0,1.0,,9.0,70.0,15.0,22.0,1.0,3.0,22.0,0.0,1.0,10.0,4.0,4.0,6.0,40.0,1.0,12.0,1.0,1.0,1.0,7.0,0.0,10.0,6.0,9.0,22.0,0.0,2.0,2.0,32.0,1.0,9.0,8.0,0.0,16.0,17.0,1.0,2.0,7.0,18.0,4.0,1.0,2.0,1.0,12.0,12.0,0.0,20.0,1.0,0.0,0.0,10.0,1.0,1.0,1.0,1.0,3.0,1.0,5.0,8.0,2.0,1.0,0.0,9.0,0.0,6.0,21.0,5.0,0.0,18.0,0.0,3.0,9.0,0.0,0.0,1.0,0.0,1.0,2.0,7.0,0.0,1.0,0.0,0.0,1.0
light,38.0,26.0,23.0,16.0,32.0,19.0,17.0,25.0,11.0,17.0,55.0,13.0,21.0,21.0,19.0,9.0,,15.0,8.0,19.0,5.0,3.0,14.0,0.0,7.0,15.0,5.0,11.0,13.0,6.0,13.0,11.0,17.0,3.0,6.0,13.0,2.0,22.0,4.0,16.0,2.0,7.0,5.0,7.0,8.0,10.0,31.0,8.0,3.0,8.0,5.0,6.0,4.0,3.0,3.0,12.0,5.0,3.0,3.0,9.0,12.0,6.0,3.0,7.0,6.0,2.0,4.0,12.0,7.0,2.0,6.0,2.0,9.0,6.0,1.0,2.0,4.0,5.0,5.0,13.0,5.0,6.0,8.0,4.0,5.0,1.0,3.0,9.0,3.0,2.0,13.0,3.0,10.0,25.0,2.0,4.0,5.0,2.0,1.0,3.0
flower,41.0,19.0,12.0,13.0,33.0,2.0,17.0,8.0,2.0,36.0,1.0,65.0,35.0,2.0,1.0,70.0,15.0,,25.0,18.0,0.0,3.0,45.0,3.0,0.0,9.0,5.0,4.0,5.0,57.0,1.0,12.0,0.0,0.0,1.0,11.0,0.0,3.0,7.0,3.0,28.0,1.0,0.0,2.0,38.0,0.0,9.0,5.0,0.0,22.0,12.0,3.0,8.0,4.0,33.0,12.0,1.0,0.0,0.0,11.0,22.0,2.0,30.0,4.0,3.0,1.0,12.0,2.0,3.0,3.0,1.0,3.0,1.0,5.0,0.0,4.0,0.0,0.0,4.0,0.0,10.0,16.0,3.0,3.0,6.0,0.0,12.0,6.0,1.0,2.0,0.0,1.0,1.0,3.0,4.0,0.0,2.0,0.0,1.0,5.0
abigfave,43.0,20.0,15.0,19.0,25.0,12.0,16.0,20.0,9.0,14.0,6.0,31.0,17.0,15.0,13.0,15.0,8.0,25.0,,9.0,3.0,13.0,13.0,8.0,2.0,15.0,10.0,12.0,4.0,15.0,4.0,10.0,9.0,3.0,4.0,15.0,0.0,15.0,1.0,5.0,56.0,2.0,9.0,5.0,47.0,2.0,12.0,7.0,7.0,52.0,40.0,5.0,3.0,1.0,10.0,4.0,13.0,3.0,1.0,4.0,3.0,1.0,17.0,3.0,5.0,1.0,36.0,7.0,7.0,2.0,2.0,3.0,6.0,4.0,1.0,6.0,4.0,0.0,4.0,2.0,2.0,7.0,1.0,1.0,7.0,1.0,6.0,5.0,11.0,9.0,2.0,2.0,4.0,2.0,0.0,2.0,2.0,0.0,3.0,4.0
white,32.0,17.0,11.0,15.0,39.0,40.0,19.0,19.0,17.0,42.0,4.0,10.0,28.0,2.0,11.0,22.0,19.0,18.0,9.0,,10.0,6.0,20.0,10.0,11.0,5.0,2.0,6.0,6.0,21.0,6.0,5.0,11.0,7.0,17.0,9.0,2.0,13.0,6.0,108.0,6.0,4.0,7.0,4.0,4.0,7.0,5.0,5.0,7.0,3.0,6.0,5.0,4.0,4.0,20.0,6.0,7.0,12.0,6.0,8.0,15.0,3.0,5.0,8.0,6.0,3.0,3.0,2.0,5.0,3.0,1.0,3.0,2.0,7.0,1.0,6.0,6.0,2.0,4.0,12.0,7.0,7.0,5.0,6.0,3.0,0.0,1.0,3.0,0.0,2.0,3.0,4.0,2.0,9.0,1.0,5.0,3.0,0.0,7.0,4.0
selfportrait,36.0,3.0,10.0,18.0,11.0,25.0,13.0,2.0,51.0,15.0,4.0,2.0,8.0,1.0,2.0,1.0,5.0,0.0,3.0,10.0,,1.0,0.0,1.0,97.0,17.0,1.0,1.0,4.0,0.0,1.0,23.0,0.0,124.0,14.0,1.0,0.0,15.0,1.0,5.0,1.0,1.0,9.0,1.0,0.0,1.0,0.0,14.0,1.0,2.0,0.0,1.0,0.0,1.0,4.0,11.0,0.0,3.0,0.0,7.0,0.0,3.0,2.0,7.0,0.0,1.0,1.0,0.0,1.0,1.0,0.0,2.0,0.0,3.0,0.0,0.0,53.0,0.0,5.0,0.0,2.0,3.0,4.0,2.0,2.0,0.0,0.0,3.0,0.0,1.0,1.0,2.0,0.0,3.0,1.0,13.0,12.0,0.0,1.0,1.0
beach,16.0,29.0,13.0,12.0,25.0,12.0,17.0,42.0,7.0,5.0,15.0,17.0,3.0,44.0,21.0,3.0,3.0,3.0,13.0,6.0,1.0,,6.0,7.0,1.0,11.0,6.0,18.0,5.0,4.0,0.0,9.0,0.0,2.0,7.0,5.0,1.0,9.0,14.0,5.0,8.0,2.0,9.0,1.0,11.0,0.0,22.0,3.0,71.0,7.0,6.0,4.0,1.0,2.0,2.0,6.0,7.0,2.0,3.0,7.0,4.0,6.0,1.0,4.0,1.0,5.0,7.0,5.0,3.0,0.0,2.0,3.0,9.0,2.0,0.0,4.0,0.0,3.0,1.0,0.0,13.0,1.0,0.0,5.0,4.0,2.0,2.0,3.0,3.0,4.0,2.0,3.0,2.0,2.0,4.0,4.0,2.0,2.0,0.0,2.0
yellow,23.0,37.0,9.0,12.0,59.0,1.0,6.0,13.0,5.0,50.0,7.0,32.0,50.0,12.0,12.0,22.0,14.0,45.0,13.0,20.0,0.0,6.0,,3.0,2.0,15.0,8.0,10.0,9.0,28.0,6.0,8.0,6.0,0.0,1.0,12.0,0.0,8.0,4.0,11.0,6.0,3.0,1.0,7.0,12.0,4.0,11.0,5.0,4.0,7.0,6.0,2.0,4.0,0.0,18.0,5.0,2.0,2.0,5.0,15.0,41.0,2.0,12.0,1.0,4.0,3.0,6.0,2.0,11.0,2.0,3.0,1.0,1.0,3.0,4.0,6.0,2.0,9.0,3.0,8.0,7.0,8.0,2.0,6.0,3.0,0.0,1.0,16.0,1.0,0.0,6.0,3.0,0.0,9.0,2.0,0.0,1.0,2.0,2.0,3.0
dog,23.0,1.0,10.0,7.0,5.0,14.0,13.0,4.0,18.0,3.0,0.0,1.0,4.0,1.0,1.0,0.0,0.0,3.0,8.0,10.0,1.0,7.0,3.0,,1.0,6.0,3.0,0.0,0.0,0.0,10.0,2.0,0.0,1.0,3.0,0.0,1.0,1.0,0.0,14.0,13.0,3.0,3.0,1.0,1.0,2.0,2.0,0.0,4.0,3.0,4.0,1.0,0.0,3.0,0.0,1.0,3.0,8.0,1.0,1.0,2.0,3.0,2.0,1.0,3.0,2.0,3.0,0.0,0.0,0.0,3.0,7.0,0.0,4.0,1.0,1.0,1.0,0.0,4.0,1.0,3.0,2.0,6.0,3.0,3.0,1.0,2.0,1.0,2.0,2.0,0.0,1.0,2.0,2.0,1.0,2.0,0.0,3.0,0.0,4.0
me,28.0,3.0,8.0,13.0,11.0,17.0,11.0,1.0,48.0,11.0,5.0,3.0,10.0,1.0,2.0,1.0,7.0,0.0,2.0,11.0,97.0,1.0,2.0,1.0,,6.0,1.0,2.0,4.0,3.0,2.0,5.0,0.0,65.0,11.0,1.0,2.0,16.0,2.0,9.0,2.0,1.0,11.0,1.0,0.0,2.0,0.0,8.0,1.0,1.0,0.0,1.0,0.0,4.0,4.0,6.0,3.0,4.0,1.0,5.0,1.0,3.0,3.0,7.0,2.0,0.0,3.0,0.0,1.0,2.0,2.0,0.0,4.0,3.0,0.0,0.0,50.0,0.0,2.0,0.0,7.0,1.0,7.0,6.0,2.0,0.0,1.0,3.0,0.0,0.0,0.0,3.0,0.0,6.0,2.0,12.0,8.0,0.0,1.0,2.0
interestingness,177.0,24.0,33.0,52.0,28.0,11.0,13.0,9.0,21.0,15.0,13.0,18.0,9.0,13.0,12.0,10.0,15.0,9.0,15.0,5.0,17.0,11.0,15.0,6.0,6.0,,17.0,7.0,9.0,6.0,6.0,77.0,7.0,14.0,5.0,9.0,3.0,7.0,2.0,2.0,11.0,14.0,13.0,7.0,12.0,3.0,4.0,31.0,7.0,9.0,7.0,2.0,5.0,5.0,5.0,28.0,4.0,2.0,5.0,2.0,8.0,11.0,6.0,3.0,5.0,0.0,6.0,0.0,1.0,1.0,13.0,4.0,8.0,5.0,6.0,9.0,2.0,5.0,5.0,6.0,8.0,15.0,6.0,2.0,12.0,2.0,0.0,6.0,1.0,4.0,10.0,6.0,3.0,6.0,1.0,5.0,6.0,1.0,1.0,6.0
geotagged,52.0,14.0,18.0,16.0,11.0,11.0,8.0,8.0,3.0,7.0,10.0,10.0,8.0,11.0,13.0,4.0,5.0,5.0,10.0,2.0,1.0,6.0,8.0,3.0,1.0,17.0,,13.0,8.0,4.0,4.0,37.0,13.0,0.0,6.0,2.0,3.0,6.0,2.0,0.0,3.0,11.0,7.0,6.0,2.0,15.0,5.0,2.0,6.0,3.0,2.0,9.0,16.0,2.0,1.0,4.0,4.0,2.0,1.0,3.0,3.0,1.0,4.0,2.0,7.0,2.0,5.0,15.0,2.0,6.0,12.0,8.0,9.0,2.0,0.0,3.0,1.0,5.0,2.0,2.0,4.0,1.0,1.0,2.0,0.0,2.0,2.0,2.0,3.0,4.0,2.0,0.0,5.0,4.0,1.0,4.0,1.0,1.0,0.0,3.0
landscape,26.0,66.0,27.0,13.0,30.0,16.0,13.0,62.0,0.0,4.0,11.0,63.0,17.0,26.0,47.0,4.0,11.0,4.0,12.0,6.0,1.0,18.0,10.0,0.0,2.0,7.0,13.0,,2.0,7.0,0.0,8.0,5.0,0.0,8.0,24.0,0.0,18.0,4.0,1.0,8.0,3.0,4.0,7.0,13.0,3.0,20.0,7.0,19.0,8.0,11.0,3.0,3.0,4.0,2.0,11.0,5.0,18.0,31.0,11.0,5.0,4.0,12.0,0.0,4.0,1.0,6.0,17.0,20.0,0.0,2.0,4.0,14.0,20.0,0.0,1.0,0.0,1.0,1.0,6.0,8.0,0.0,2.0,0.0,4.0,0.0,3.0,7.0,1.0,35.0,6.0,1.0,9.0,3.0,1.0,2.0,2.0,0.0,0.0,9.0
art,12.0,5.0,10.0,18.0,9.0,8.0,10.0,3.0,8.0,9.0,8.0,10.0,11.0,4.0,4.0,6.0,13.0,5.0,4.0,6.0,4.0,5.0,9.0,0.0,4.0,9.0,8.0,2.0,,5.0,31.0,3.0,7.0,3.0,5.0,9.0,41.0,3.0,6.0,4.0,0.0,9.0,6.0,17.0,0.0,5.0,4.0,3.0,4.0,5.0,3.0,2.0,2.0,3.0,4.0,11.0,1.0,3.0,2.0,6.0,3.0,0.0,5.0,5.0,13.0,9.0,2.0,5.0,5.0,4.0,8.0,1.0,14.0,2.0,3.0,0.0,3.0,3.0,0.0,3.0,2.0,0.0,5.0,4.0,3.0,21.0,1.0,6.0,0.0,0.0,2.0,2.0,1.0,2.0,1.0,4.0,4.0,6.0,8.0,3.0
flowers,24.0,17.0,8.0,13.0,21.0,3.0,3.0,1.0,6.0,11.0,0.0,39.0,23.0,0.0,2.0,40.0,6.0,57.0,15.0,21.0,0.0,4.0,28.0,0.0,3.0,6.0,4.0,7.0,5.0,,0.0,5.0,0.0,1.0,2.0,7.0,0.0,2.0,7.0,3.0,13.0,0.0,1.0,1.0,21.0,0.0,5.0,5.0,0.0,4.0,8.0,1.0,4.0,4.0,28.0,4.0,3.0,1.0,2.0,5.0,8.0,1.0,23.0,3.0,0.0,3.0,3.0,0.0,8.0,2.0,0.0,6.0,1.0,1.0,1.0,0.0,2.0,0.0,1.0,0.0,1.0,15.0,2.0,8.0,1.0,0.0,4.0,12.0,3.0,0.0,1.0,1.0,0.0,4.0,2.0,0.0,0.0,2.0,2.0,2.0
street,26.0,11.0,14.0,14.0,10.0,29.0,17.0,1.0,13.0,14.0,29.0,2.0,8.0,4.0,11.0,1.0,13.0,1.0,4.0,6.0,1.0,0.0,6.0,10.0,2.0,6.0,4.0,0.0,31.0,0.0,,4.0,12.0,1.0,10.0,5.0,8.0,5.0,12.0,3.0,0.0,20.0,27.0,30.0,0.0,13.0,5.0,7.0,2.0,0.0,1.0,8.0,3.0,2.0,3.0,7.0,5.0,10.0,9.0,3.0,1.0,8.0,3.0,5.0,41.0,5.0,1.0,7.0,3.0,6.0,11.0,2.0,6.0,2.0,0.0,1.0,0.0,5.0,5.0,4.0,2.0,3.0,3.0,5.0,5.0,8.0,2.0,3.0,4.0,0.0,10.0,2.0,1.0,6.0,3.0,12.0,1.0,4.0,3.0,3.0
i500,106.0,12.0,26.0,34.0,14.0,11.0,17.0,13.0,18.0,7.0,7.0,15.0,7.0,11.0,11.0,12.0,11.0,12.0,10.0,5.0,23.0,9.0,8.0,2.0,5.0,77.0,37.0,8.0,3.0,5.0,4.0,,7.0,22.0,8.0,9.0,5.0,5.0,4.0,1.0,9.0,11.0,7.0,4.0,12.0,12.0,6.0,4.0,7.0,10.0,7.0,0.0,3.0,3.0,3.0,27.0,3.0,1.0,0.0,1.0,5.0,3.0,5.0,3.0,6.0,1.0,5.0,7.0,1.0,1.0,12.0,6.0,12.0,1.0,2.0,3.0,7.0,3.0,3.0,3.0,8.0,9.0,2.0,2.0,7.0,2.0,3.0,4.0,3.0,6.0,5.0,2.0,5.0,2.0,1.0,4.0,7.0,0.0,0.0,4.0
architecture,35.0,19.0,12.0,7.0,12.0,19.0,8.0,6.0,0.0,6.0,19.0,0.0,8.0,4.0,20.0,1.0,17.0,0.0,9.0,11.0,0.0,0.0,6.0,0.0,0.0,7.0,13.0,5.0,7.0,0.0,12.0,7.0,,0.0,10.0,5.0,0.0,12.0,14.0,5.0,0.0,9.0,5.0,37.0,0.0,14.0,4.0,1.0,0.0,2.0,1.0,3.0,3.0,4.0,1.0,11.0,7.0,0.0,11.0,1.0,3.0,2.0,0.0,3.0,32.0,6.0,4.0,17.0,2.0,3.0,11.0,1.0,10.0,0.0,0.0,1.0,0.0,3.0,0.0,53.0,0.0,0.0,6.0,0.0,1.0,0.0,5.0,1.0,7.0,0.0,5.0,0.0,2.0,4.0,4.0,3.0,4.0,2.0,1.0,2.0
365days,25.0,0.0,13.0,11.0,11.0,15.0,7.0,1.0,27.0,12.0,1.0,0.0,8.0,0.0,0.0,1.0,3.0,0.0,3.0,7.0,124.0,2.0,0.0,1.0,65.0,14.0,0.0,0.0,3.0,1.0,1.0,22.0,0.0,,11.0,1.0,0.0,2.0,0.0,0.0,1.0,0.0,4.0,0.0,0.0,1.0,0.0,16.0,0.0,0.0,1.0,1.0,0.0,0.0,5.0,10.0,0.0,1.0,0.0,6.0,0.0,0.0,0.0,2.0,0.0,0.0,2.0,0.0,0.0,1.0,0.0,2.0,0.0,1.0,0.0,0.0,47.0,0.0,5.0,0.0,1.0,2.0,3.0,4.0,2.0,0.0,0.0,1.0,0.0,0.0,1.0,3.0,0.0,1.0,0.0,8.0,11.0,0.0,1.0,1.0
blackandwhite,23.0,9.0,17.0,7.0,2.0,135.0,13.0,8.0,22.0,1.0,8.0,6.0,0.0,3.0,9.0,1.0,6.0,1.0,4.0,17.0,14.0,7.0,1.0,3.0,11.0,5.0,6.0,8.0,5.0,2.0,10.0,8.0,10.0,11.0,,6.0,2.0,10.0,4.0,15.0,1.0,8.0,13.0,5.0,0.0,4.0,1.0,7.0,4.0,4.0,0.0,3.0,1.0,5.0,2.0,8.0,8.0,6.0,6.0,3.0,0.0,8.0,2.0,9.0,4.0,2.0,4.0,2.0,5.0,7.0,3.0,3.0,5.0,6.0,0.0,2.0,3.0,1.0,2.0,6.0,4.0,3.0,3.0,4.0,3.0,0.0,1.0,1.0,5.0,3.0,2.0,4.0,5.0,6.0,0.0,5.0,5.0,1.0,3.0,1.0
tree,30.0,46.0,16.0,14.0,23.0,10.0,9.0,16.0,3.0,16.0,13.0,35.0,24.0,24.0,24.0,7.0,13.0,11.0,15.0,9.0,1.0,5.0,12.0,0.0,1.0,9.0,2.0,24.0,9.0,7.0,5.0,9.0,5.0,1.0,6.0,,0.0,7.0,2.0,5.0,8.0,5.0,6.0,5.0,9.0,4.0,14.0,5.0,6.0,7.0,4.0,4.0,1.0,2.0,7.0,5.0,5.0,15.0,8.0,4.0,7.0,3.0,17.0,1.0,5.0,1.0,4.0,9.0,32.0,3.0,4.0,3.0,6.0,16.0,0.0,3.0,0.0,0.0,1.0,5.0,4.0,9.0,5.0,4.0,6.0,0.0,0.0,2.0,5.0,7.0,7.0,0.0,6.0,9.0,1.0,1.0,4.0,1.0,1.0,8.0
graffiti,10.0,0.0,1.0,10.0,1.0,3.0,2.0,0.0,2.0,3.0,0.0,0.0,3.0,0.0,0.0,0.0,2.0,0.0,0.0,2.0,0.0,1.0,0.0,1.0,2.0,3.0,3.0,0.0,41.0,0.0,8.0,5.0,0.0,0.0,2.0,0.0,,4.0,3.0,2.0,0.0,26.0,0.0,3.0,0.0,15.0,0.0,1.0,1.0,0.0,0.0,3.0,3.0,0.0,3.0,0.0,1.0,1.0,1.0,2.0,0.0,2.0,1.0,1.0,5.0,23.0,1.0,1.0,0.0,2.0,5.0,0.0,0.0,0.0,0.0,1.0,0.0,2.0,0.0,2.0,0.0,0.0,0.0,5.0,0.0,68.0,1.0,2.0,1.0,0.0,0.0,0.0,0.0,0.0,0.0,1.0,1.0,0.0,0.0,0.0
reflection,25.0,37.0,18.0,10.0,23.0,17.0,8.0,63.0,12.0,9.0,17.0,13.0,6.0,17.0,28.0,10.0,22.0,3.0,15.0,13.0,15.0,9.0,8.0,1.0,16.0,7.0,6.0,18.0,3.0,2.0,5.0,5.0,12.0,2.0,10.0,7.0,4.0,,7.0,8.0,7.0,5.0,7.0,13.0,6.0,4.0,11.0,6.0,11.0,5.0,3.0,3.0,4.0,0.0,5.0,5.0,5.0,3.0,7.0,7.0,5.0,3.0,3.0,2.0,5.0,3.0,5.0,7.0,12.0,3.0,4.0,5.0,11.0,6.0,0.0,3.0,10.0,2.0,2.0,13.0,2.0,2.0,1.0,2.0,4.0,0.0,1.0,6.0,2.0,18.0,8.0,3.0,9.0,8.0,2.0,2.0,1.0,2.0,0.0,2.0
california,25.0,17.0,13.0,12.0,11.0,12.0,8.0,10.0,5.0,12.0,16.0,3.0,8.0,15.0,11.0,6.0,4.0,7.0,1.0,6.0,1.0,14.0,4.0,0.0,2.0,2.0,2.0,4.0,6.0,7.0,12.0,4.0,14.0,0.0,4.0,2.0,3.0,7.0,,3.0,0.0,0.0,8.0,16.0,0.0,0.0,4.0,6.0,3.0,1.0,1.0,0.0,0.0,7.0,7.0,35.0,1.0,2.0,0.0,7.0,8.0,3.0,4.0,1.0,11.0,52.0,1.0,6.0,5.0,0.0,0.0,3.0,3.0,2.0,3.0,2.0,0.0,4.0,2.0,7.0,3.0,3.0,2.0,1.0,2.0,0.0,1.0,0.0,0.0,2.0,3.0,1.0,3.0,4.0,0.0,4.0,1.0,0.0,4.0,4.0
black,17.0,11.0,9.0,15.0,9.0,43.0,13.0,8.0,20.0,32.0,6.0,5.0,11.0,6.0,7.0,9.0,16.0,3.0,5.0,108.0,5.0,5.0,11.0,14.0,9.0,2.0,0.0,1.0,4.0,3.0,3.0,1.0,5.0,0.0,15.0,5.0,2.0,8.0,3.0,,4.0,2.0,5.0,7.0,1.0,6.0,4.0,4.0,7.0,3.0,2.0,4.0,2.0,1.0,7.0,7.0,9.0,2.0,1.0,8.0,15.0,5.0,3.0,7.0,10.0,2.0,0.0,2.0,4.0,3.0,2.0,1.0,2.0,1.0,1.0,4.0,5.0,0.0,3.0,9.0,7.0,1.0,2.0,4.0,3.0,0.0,0.0,4.0,1.0,2.0,3.0,3.0,2.0,6.0,1.0,7.0,3.0,0.0,3.0,5.0
impressedbeauty,25.0,16.0,11.0,15.0,10.0,5.0,5.0,15.0,6.0,10.0,7.0,28.0,14.0,12.0,7.0,22.0,2.0,28.0,56.0,6.0,1.0,8.0,6.0,13.0,2.0,11.0,3.0,8.0,0.0,13.0,0.0,9.0,0.0,1.0,1.0,8.0,0.0,7.0,0.0,4.0,,3.0,4.0,0.0,44.0,0.0,7.0,5.0,5.0,40.0,38.0,2.0,2.0,0.0,10.0,1.0,7.0,3.0,2.0,3.0,3.0,0.0,21.0,1.0,0.0,0.0,21.0,3.0,4.0,1.0,1.0,1.0,4.0,3.0,0.0,9.0,1.0,0.0,0.0,1.0,0.0,5.0,1.0,0.0,6.0,0.0,1.0,5.0,6.0,5.0,1.0,0.0,3.0,1.0,2.0,0.0,1.0,0.0,0.0,1.0
nyc,30.0,6.0,7.0,12.0,6.0,6.0,7.0,0.0,9.0,6.0,19.0,1.0,7.0,10.0,11.0,0.0,7.0,1.0,2.0,4.0,1.0,2.0,3.0,3.0,1.0,14.0,11.0,3.0,9.0,0.0,20.0,11.0,9.0,0.0,8.0,5.0,26.0,5.0,0.0,2.0,3.0,,6.0,21.0,0.0,0.0,2.0,3.0,2.0,3.0,3.0,0.0,0.0,7.0,2.0,15.0,0.0,6.0,0.0,3.0,3.0,3.0,1.0,0.0,8.0,1.0,1.0,10.0,3.0,1.0,100.0,1.0,5.0,1.0,2.0,1.0,1.0,4.0,0.0,8.0,3.0,2.0,2.0,1.0,2.0,22.0,0.0,1.0,0.0,0.0,7.0,3.0,6.0,0.0,0.0,3.0,1.0,0.0,0.0,7.0
people,21.0,13.0,17.0,23.0,9.0,24.0,16.0,8.0,28.0,8.0,9.0,3.0,5.0,8.0,4.0,2.0,5.0,0.0,9.0,7.0,9.0,9.0,1.0,3.0,11.0,13.0,7.0,4.0,6.0,1.0,27.0,7.0,5.0,4.0,13.0,6.0,0.0,7.0,8.0,5.0,4.0,6.0,,11.0,2.0,4.0,9.0,4.0,10.0,5.0,4.0,3.0,3.0,4.0,1.0,9.0,9.0,3.0,3.0,4.0,3.0,3.0,3.0,10.0,5.0,7.0,1.0,1.0,3.0,6.0,3.0,3.0,10.0,3.0,0.0,0.0,2.0,3.0,3.0,4.0,11.0,4.0,4.0,4.0,6.0,0.0,1.0,2.0,6.0,0.0,1.0,5.0,2.0,1.0,9.0,12.0,3.0,0.0,1.0,5.0
city,34.0,27.0,14.0,10.0,13.0,13.0,16.0,11.0,4.0,10.0,40.0,5.0,5.0,14.0,20.0,2.0,7.0,2.0,5.0,4.0,1.0,1.0,7.0,1.0,1.0,7.0,6.0,7.0,17.0,1.0,30.0,4.0,37.0,0.0,5.0,5.0,3.0,13.0,16.0,7.0,0.0,21.0,11.0,,0.0,8.0,2.0,5.0,2.0,5.0,2.0,1.0,3.0,7.0,6.0,15.0,10.0,6.0,9.0,7.0,2.0,2.0,5.0,1.0,66.0,6.0,2.0,13.0,4.0,2.0,17.0,6.0,9.0,8.0,1.0,1.0,1.0,3.0,0.0,21.0,4.0,1.0,2.0,1.0,1.0,3.0,3.0,2.0,8.0,2.0,22.0,1.0,7.0,2.0,2.0,6.0,0.0,8.0,1.0,6.0
naturesfinest,30.0,15.0,17.0,14.0,11.0,2.0,6.0,13.0,1.0,12.0,2.0,43.0,11.0,17.0,12.0,32.0,8.0,38.0,47.0,4.0,0.0,11.0,12.0,1.0,0.0,12.0,2.0,13.0,0.0,21.0,0.0,12.0,0.0,0.0,0.0,9.0,0.0,6.0,0.0,1.0,44.0,0.0,2.0,0.0,,0.0,16.0,8.0,5.0,35.0,30.0,3.0,2.0,0.0,8.0,5.0,2.0,5.0,2.0,4.0,3.0,1.0,17.0,0.0,1.0,0.0,26.0,2.0,8.0,0.0,0.0,3.0,5.0,3.0,0.0,17.0,0.0,0.0,2.0,0.0,0.0,9.0,2.0,1.0,7.0,0.0,1.0,4.0,2.0,4.0,2.0,0.0,4.0,1.0,3.0,0.0,0.0,0.0,0.0,4.0
london,32.0,7.0,4.0,12.0,5.0,4.0,10.0,3.0,1.0,7.0,8.0,3.0,4.0,2.0,1.0,1.0,10.0,0.0,2.0,7.0,1.0,0.0,4.0,2.0,2.0,3.0,15.0,3.0,5.0,0.0,13.0,12.0,14.0,1.0,4.0,4.0,15.0,4.0,0.0,6.0,0.0,0.0,4.0,8.0,0.0,,3.0,3.0,0.0,1.0,1.0,0.0,1.0,2.0,1.0,0.0,0.0,0.0,0.0,1.0,5.0,3.0,0.0,1.0,8.0,0.0,0.0,1.0,0.0,0.0,1.0,1.0,3.0,2.0,3.0,2.0,0.0,6.0,0.0,6.0,2.0,1.0,0.0,2.0,0.0,11.0,1.0,4.0,0.0,0.0,5.0,2.0,7.0,2.0,0.0,3.0,2.0,0.0,0.0,4.0
sun,30.0,54.0,12.0,6.0,21.0,7.0,18.0,24.0,3.0,9.0,3.0,23.0,7.0,63.0,38.0,9.0,31.0,9.0,12.0,5.0,0.0,22.0,11.0,2.0,0.0,4.0,5.0,20.0,4.0,5.0,5.0,6.0,4.0,0.0,1.0,14.0,0.0,11.0,4.0,4.0,7.0,2.0,9.0,2.0,16.0,3.0,,10.0,19.0,12.0,12.0,6.0,2.0,4.0,2.0,5.0,3.0,6.0,2.0,6.0,10.0,1.0,7.0,3.0,3.0,1.0,8.0,1.0,12.0,5.0,1.0,0.0,6.0,3.0,0.0,1.0,1.0,1.0,1.0,1.0,15.0,1.0,3.0,2.0,4.0,0.0,0.0,5.0,3.0,8.0,5.0,1.0,6.0,5.0,4.0,1.0,4.0,3.0,0.0,6.0
explored,81.0,20.0,21.0,11.0,13.0,16.0,17.0,5.0,11.0,8.0,9.0,8.0,7.0,6.0,11.0,8.0,8.0,5.0,7.0,5.0,14.0,3.0,5.0,0.0,8.0,31.0,2.0,7.0,3.0,5.0,7.0,4.0,1.0,16.0,7.0,5.0,1.0,6.0,6.0,4.0,5.0,3.0,4.0,5.0,8.0,3.0,10.0,,2.0,6.0,7.0,6.0,3.0,6.0,4.0,3.0,3.0,5.0,1.0,8.0,7.0,1.0,3.0,9.0,3.0,3.0,1.0,1.0,5.0,8.0,5.0,2.0,7.0,4.0,2.0,4.0,5.0,4.0,5.0,2.0,1.0,9.0,2.0,2.0,15.0,0.0,0.0,4.0,2.0,1.0,4.0,3.0,2.0,1.0,1.0,2.0,3.0,1.0,0.0,0.0
sea,16.0,38.0,7.0,6.0,31.0,10.0,7.0,47.0,4.0,7.0,7.0,11.0,4.0,36.0,23.0,0.0,3.0,0.0,7.0,7.0,1.0,71.0,4.0,4.0,1.0,7.0,6.0,19.0,4.0,0.0,2.0,7.0,0.0,0.0,4.0,6.0,1.0,11.0,3.0,7.0,5.0,2.0,10.0,2.0,5.0,0.0,19.0,2.0,,2.0,5.0,5.0,1.0,2.0,0.0,5.0,9.0,3.0,0.0,4.0,6.0,2.0,3.0,2.0,3.0,2.0,10.0,3.0,1.0,1.0,1.0,0.0,12.0,3.0,0.0,2.0,0.0,1.0,0.0,1.0,12.0,0.0,1.0,2.0,2.0,1.0,1.0,2.0,4.0,2.0,2.0,0.0,5.0,0.0,1.0,2.0,1.0,0.0,0.0,3.0
diamondclassphotographer,27.0,7.0,14.0,12.0,11.0,7.0,13.0,8.0,5.0,11.0,6.0,15.0,8.0,9.0,6.0,16.0,8.0,22.0,52.0,3.0,2.0,7.0,7.0,3.0,1.0,9.0,3.0,8.0,5.0,4.0,0.0,10.0,2.0,0.0,4.0,7.0,0.0,5.0,1.0,3.0,40.0,3.0,5.0,5.0,35.0,1.0,12.0,6.0,2.0,,29.0,3.0,1.0,1.0,5.0,1.0,3.0,3.0,0.0,1.0,2.0,1.0,16.0,5.0,0.0,0.0,25.0,3.0,6.0,1.0,1.0,2.0,7.0,1.0,1.0,3.0,1.0,0.0,1.0,0.0,2.0,3.0,1.0,1.0,6.0,0.0,3.0,3.0,2.0,0.0,2.0,0.0,4.0,2.0,0.0,1.0,2.0,0.0,0.0,1.0
anawesomeshot,21.0,11.0,14.0,10.0,13.0,4.0,8.0,18.0,4.0,7.0,4.0,17.0,9.0,10.0,8.0,17.0,5.0,12.0,40.0,6.0,0.0,6.0,6.0,4.0,0.0,7.0,2.0,11.0,3.0,8.0,1.0,7.0,1.0,1.0,0.0,4.0,0.0,3.0,1.0,2.0,38.0,3.0,4.0,2.0,30.0,1.0,12.0,7.0,5.0,29.0,,3.0,2.0,0.0,5.0,1.0,2.0,2.0,6.0,2.0,3.0,0.0,4.0,0.0,3.0,0.0,22.0,4.0,8.0,0.0,2.0,1.0,5.0,1.0,0.0,7.0,0.0,1.0,0.0,2.0,1.0,5.0,0.0,1.0,6.0,0.0,0.0,3.0,2.0,2.0,5.0,1.0,5.0,1.0,2.0,1.0,0.0,0.0,0.0,3.0
france,22.0,10.0,6.0,11.0,7.0,10.0,13.0,6.0,5.0,10.0,7.0,7.0,3.0,1.0,3.0,1.0,6.0,3.0,5.0,5.0,1.0,4.0,2.0,1.0,1.0,2.0,9.0,3.0,2.0,1.0,8.0,0.0,3.0,1.0,3.0,4.0,3.0,3.0,0.0,4.0,2.0,0.0,3.0,1.0,3.0,0.0,6.0,6.0,5.0,3.0,3.0,,1.0,1.0,0.0,2.0,2.0,2.0,3.0,6.0,1.0,1.0,2.0,0.0,6.0,0.0,2.0,3.0,5.0,80.0,0.0,1.0,5.0,3.0,1.0,1.0,1.0,1.0,3.0,0.0,1.0,0.0,1.0,0.0,6.0,1.0,0.0,2.0,0.0,1.0,3.0,2.0,4.0,0.0,0.0,1.0,2.0,0.0,2.0,3.0
japan,14.0,9.0,11.0,19.0,7.0,9.0,7.0,4.0,3.0,9.0,4.0,0.0,3.0,1.0,1.0,2.0,4.0,8.0,3.0,4.0,0.0,1.0,4.0,0.0,0.0,5.0,16.0,3.0,2.0,4.0,3.0,3.0,3.0,0.0,1.0,1.0,3.0,4.0,0.0,2.0,2.0,0.0,3.0,3.0,2.0,1.0,2.0,3.0,1.0,1.0,2.0,1.0,,3.0,3.0,1.0,1.0,3.0,1.0,5.0,0.0,16.0,8.0,4.0,3.0,0.0,1.0,5.0,0.0,0.0,0.0,4.0,2.0,0.0,2.0,2.0,1.0,2.0,2.0,2.0,0.0,1.0,3.0,3.0,0.0,1.0,15.0,1.0,0.0,0.0,1.0,0.0,0.0,1.0,0.0,3.0,1.0,0.0,0.0,7.0
2008,21.0,10.0,15.0,3.0,8.0,9.0,9.0,2.0,7.0,6.0,2.0,10.0,5.0,5.0,8.0,7.0,3.0,4.0,1.0,4.0,1.0,2.0,0.0,3.0,4.0,5.0,2.0,4.0,3.0,4.0,2.0,3.0,4.0,0.0,5.0,2.0,0.0,0.0,7.0,1.0,0.0,7.0,4.0,7.0,0.0,2.0,4.0,6.0,2.0,1.0,0.0,1.0,3.0,,3.0,4.0,4.0,5.0,5.0,2.0,0.0,8.0,11.0,2.0,3.0,1.0,1.0,3.0,1.0,0.0,6.0,1.0,4.0,8.0,5.0,2.0,1.0,2.0,2.0,2.0,5.0,0.0,4.0,2.0,4.0,0.0,7.0,2.0,2.0,0.0,0.0,1.0,2.0,2.0,0.0,2.0,5.0,0.0,4.0,1.0
pink,17.0,14.0,10.0,7.0,27.0,0.0,2.0,3.0,6.0,23.0,2.0,11.0,29.0,4.0,7.0,18.0,3.0,33.0,10.0,20.0,4.0,2.0,18.0,0.0,4.0,5.0,1.0,2.0,4.0,28.0,3.0,3.0,1.0,5.0,2.0,7.0,3.0,5.0,7.0,7.0,10.0,2.0,1.0,6.0,8.0,1.0,2.0,4.0,0.0,5.0,5.0,0.0,3.0,3.0,,6.0,2.0,1.0,0.0,7.0,12.0,1.0,8.0,9.0,4.0,4.0,4.0,1.0,4.0,0.0,1.0,0.0,0.0,3.0,3.0,1.0,2.0,1.0,1.0,0.0,1.0,3.0,0.0,6.0,3.0,0.0,0.0,4.0,2.0,1.0,2.0,3.0,2.0,2.0,0.0,0.0,1.0,0.0,5.0,2.0
usa,28.0,11.0,20.0,33.0,12.0,13.0,13.0,10.0,7.0,12.0,14.0,13.0,8.0,7.0,8.0,4.0,12.0,12.0,4.0,6.0,11.0,6.0,5.0,1.0,6.0,28.0,4.0,11.0,11.0,4.0,7.0,27.0,11.0,10.0,8.0,5.0,0.0,5.0,35.0,7.0,1.0,15.0,9.0,15.0,5.0,0.0,5.0,3.0,5.0,1.0,1.0,2.0,1.0,4.0,6.0,,2.0,4.0,3.0,3.0,6.0,2.0,10.0,1.0,4.0,17.0,3.0,5.0,5.0,1.0,19.0,2.0,16.0,5.0,3.0,1.0,0.0,1.0,0.0,12.0,10.0,7.0,7.0,0.0,1.0,0.0,0.0,0.0,0.0,1.0,3.0,2.0,7.0,1.0,0.0,5.0,4.0,8.0,2.0,7.0
italy,23.0,11.0,6.0,13.0,5.0,21.0,16.0,7.0,4.0,1.0,12.0,6.0,5.0,10.0,8.0,1.0,5.0,1.0,13.0,7.0,0.0,7.0,2.0,3.0,3.0,4.0,4.0,5.0,1.0,3.0,5.0,3.0,7.0,0.0,8.0,5.0,1.0,5.0,1.0,9.0,7.0,0.0,9.0,10.0,2.0,0.0,3.0,3.0,9.0,3.0,2.0,2.0,1.0,4.0,2.0,2.0,,0.0,1.0,3.0,1.0,0.0,3.0,2.0,2.0,0.0,6.0,4.0,2.0,0.0,0.0,1.0,8.0,0.0,0.0,1.0,0.0,5.0,0.0,4.0,2.0,1.0,3.0,2.0,1.0,2.0,0.0,5.0,111.0,3.0,4.0,1.0,2.0,0.0,0.0,4.0,1.0,0.0,3.0,2.0
snow,9.0,11.0,11.0,8.0,12.0,10.0,5.0,14.0,5.0,6.0,14.0,14.0,4.0,5.0,14.0,2.0,3.0,0.0,3.0,12.0,3.0,2.0,2.0,8.0,4.0,2.0,2.0,18.0,3.0,1.0,10.0,1.0,0.0,1.0,6.0,15.0,1.0,3.0,2.0,2.0,3.0,6.0,3.0,6.0,5.0,0.0,6.0,5.0,3.0,3.0,2.0,2.0,3.0,5.0,1.0,4.0,0.0,,17.0,2.0,1.0,4.0,6.0,3.0,6.0,1.0,1.0,4.0,10.0,2.0,2.0,1.0,4.0,62.0,0.0,2.0,1.0,2.0,1.0,1.0,1.0,3.0,2.0,0.0,2.0,0.0,1.0,0.0,0.0,9.0,2.0,0.0,5.0,1.0,0.0,5.0,2.0,7.0,2.0,4.0
canada,13.0,15.0,14.0,8.0,14.0,11.0,9.0,31.0,6.0,11.0,5.0,24.0,8.0,7.0,16.0,1.0,3.0,0.0,1.0,6.0,0.0,3.0,5.0,1.0,1.0,5.0,1.0,31.0,2.0,2.0,9.0,0.0,11.0,0.0,6.0,8.0,1.0,7.0,0.0,1.0,2.0,0.0,3.0,9.0,2.0,0.0,2.0,1.0,0.0,0.0,6.0,3.0,1.0,5.0,0.0,3.0,1.0,17.0,,2.0,2.0,6.0,4.0,2.0,6.0,0.0,3.0,5.0,8.0,0.0,2.0,1.0,0.0,13.0,1.0,0.0,5.0,1.0,5.0,6.0,3.0,5.0,3.0,1.0,0.0,1.0,0.0,1.0,0.0,25.0,3.0,2.0,3.0,0.0,0.0,3.0,3.0,0.0,1.0,5.0
color,14.0,20.0,14.0,9.0,27.0,0.0,18.0,14.0,8.0,22.0,7.0,16.0,25.0,7.0,12.0,12.0,9.0,11.0,4.0,8.0,7.0,7.0,15.0,1.0,5.0,2.0,3.0,11.0,6.0,5.0,3.0,1.0,1.0,6.0,3.0,4.0,2.0,7.0,7.0,8.0,3.0,3.0,4.0,7.0,4.0,1.0,6.0,8.0,4.0,1.0,2.0,6.0,5.0,2.0,7.0,3.0,3.0,2.0,2.0,,9.0,5.0,11.0,3.0,6.0,3.0,2.0,0.0,5.0,3.0,3.0,4.0,5.0,2.0,2.0,4.0,7.0,2.0,2.0,2.0,2.0,2.0,4.0,3.0,6.0,0.0,1.0,19.0,1.0,2.0,1.0,2.0,1.0,4.0,0.0,1.0,2.0,1.0,3.0,3.0
orange,27.0,18.0,8.0,9.0,33.0,0.0,6.0,11.0,3.0,36.0,3.0,8.0,26.0,20.0,10.0,12.0,12.0,22.0,3.0,15.0,0.0,4.0,41.0,2.0,1.0,8.0,3.0,5.0,3.0,8.0,1.0,5.0,3.0,0.0,0.0,7.0,0.0,5.0,8.0,15.0,3.0,3.0,3.0,2.0,3.0,5.0,10.0,7.0,6.0,2.0,3.0,1.0,0.0,0.0,12.0,6.0,1.0,1.0,2.0,9.0,,2.0,1.0,0.0,4.0,2.0,2.0,4.0,3.0,0.0,3.0,2.0,1.0,3.0,6.0,2.0,0.0,2.0,2.0,3.0,3.0,7.0,1.0,1.0,1.0,0.0,0.0,4.0,0.0,2.0,3.0,1.0,2.0,3.0,1.0,1.0,3.0,2.0,4.0,1.0
film,22.0,12.0,8.0,19.0,6.0,19.0,2.0,3.0,6.0,5.0,9.0,2.0,2.0,4.0,4.0,0.0,6.0,2.0,1.0,3.0,3.0,6.0,2.0,3.0,3.0,11.0,1.0,4.0,0.0,1.0,8.0,3.0,2.0,0.0,8.0,3.0,2.0,3.0,3.0,5.0,0.0,3.0,3.0,2.0,1.0,3.0,1.0,1.0,2.0,1.0,0.0,1.0,16.0,8.0,1.0,2.0,0.0,4.0,6.0,5.0,2.0,,0.0,3.0,2.0,1.0,0.0,1.0,2.0,2.0,0.0,0.0,1.0,3.0,1.0,2.0,2.0,1.0,7.0,2.0,2.0,3.0,1.0,1.0,0.0,2.0,5.0,1.0,0.0,3.0,3.0,1.0,4.0,1.0,4.0,2.0,1.0,2.0,3.0,2.0
spring,16.0,23.0,7.0,23.0,19.0,4.0,14.0,6.0,5.0,9.0,1.0,29.0,25.0,2.0,13.0,20.0,3.0,30.0,17.0,5.0,2.0,1.0,12.0,2.0,3.0,6.0,4.0,12.0,5.0,23.0,3.0,5.0,0.0,0.0,2.0,17.0,1.0,3.0,4.0,3.0,21.0,1.0,3.0,5.0,17.0,0.0,7.0,3.0,3.0,16.0,4.0,2.0,8.0,11.0,8.0,10.0,3.0,6.0,4.0,11.0,1.0,0.0,,5.0,5.0,2.0,8.0,2.0,7.0,2.0,1.0,2.0,4.0,2.0,2.0,3.0,3.0,0.0,1.0,0.0,4.0,8.0,1.0,2.0,0.0,0.0,3.0,7.0,1.0,1.0,2.0,2.0,5.0,5.0,0.0,1.0,1.0,2.0,2.0,7.0
girl,9.0,2.0,5.0,3.0,8.0,21.0,13.0,3.0,50.0,4.0,3.0,1.0,6.0,2.0,2.0,1.0,7.0,4.0,3.0,8.0,7.0,4.0,1.0,1.0,7.0,3.0,2.0,0.0,5.0,3.0,5.0,3.0,3.0,2.0,9.0,1.0,1.0,2.0,1.0,7.0,1.0,0.0,10.0,1.0,0.0,1.0,3.0,9.0,2.0,5.0,0.0,0.0,4.0,2.0,9.0,1.0,2.0,3.0,2.0,3.0,0.0,3.0,5.0,,1.0,1.0,1.0,0.0,2.0,1.0,0.0,3.0,2.0,1.0,0.0,1.0,4.0,1.0,5.0,0.0,4.0,3.0,0.0,5.0,0.0,0.0,3.0,1.0,0.0,1.0,1.0,1.0,0.0,3.0,1.0,0.0,2.0,0.0,2.0,0.0
urban,22.0,18.0,14.0,8.0,5.0,13.0,8.0,3.0,4.0,12.0,21.0,5.0,6.0,7.0,16.0,0.0,6.0,3.0,5.0,6.0,0.0,1.0,4.0,3.0,2.0,5.0,7.0,4.0,13.0,0.0,41.0,6.0,32.0,0.0,4.0,5.0,5.0,5.0,11.0,10.0,0.0,8.0,5.0,66.0,1.0,8.0,3.0,3.0,3.0,0.0,3.0,6.0,3.0,3.0,4.0,4.0,2.0,6.0,6.0,6.0,4.0,2.0,5.0,1.0,,4.0,1.0,14.0,4.0,6.0,6.0,4.0,7.0,4.0,0.0,0.0,0.0,6.0,2.0,13.0,2.0,2.0,1.0,2.0,1.0,7.0,2.0,5.0,2.0,0.0,7.0,0.0,4.0,4.0,1.0,2.0,1.0,4.0,1.0,5.0
sanfrancisco,7.0,6.0,1.0,6.0,4.0,5.0,2.0,2.0,6.0,4.0,11.0,0.0,3.0,9.0,3.0,0.0,2.0,1.0,1.0,3.0,1.0,5.0,3.0,2.0,0.0,0.0,2.0,1.0,9.0,3.0,5.0,1.0,6.0,0.0,2.0,1.0,23.0,3.0,52.0,2.0,0.0,1.0,7.0,6.0,0.0,0.0,1.0,3.0,2.0,0.0,0.0,0.0,0.0,1.0,4.0,17.0,0.0,1.0,0.0,3.0,2.0,1.0,2.0,1.0,4.0,,0.0,0.0,1.0,1.0,0.0,0.0,4.0,0.0,3.0,1.0,0.0,4.0,0.0,4.0,1.0,0.0,0.0,1.0,0.0,5.0,1.0,0.0,0.0,0.0,1.0,0.0,1.0,2.0,0.0,2.0,2.0,0.0,0.0,1.0
supershot,21.0,13.0,9.0,4.0,7.0,6.0,8.0,15.0,3.0,5.0,5.0,16.0,4.0,8.0,6.0,10.0,4.0,12.0,36.0,3.0,1.0,7.0,6.0,3.0,3.0,6.0,5.0,6.0,2.0,3.0,1.0,5.0,4.0,2.0,4.0,4.0,1.0,5.0,1.0,0.0,21.0,1.0,1.0,2.0,26.0,0.0,8.0,1.0,10.0,25.0,22.0,2.0,1.0,1.0,4.0,3.0,6.0,1.0,3.0,2.0,2.0,0.0,8.0,1.0,1.0,0.0,,2.0,2.0,1.0,1.0,1.0,3.0,2.0,0.0,5.0,0.0,0.0,2.0,2.0,2.0,3.0,0.0,1.0,5.0,0.0,0.0,1.0,4.0,3.0,2.0,1.0,3.0,0.0,2.0,1.0,1.0,2.0,0.0,1.0
hdr,13.0,17.0,19.0,5.0,14.0,2.0,10.0,8.0,2.0,4.0,6.0,5.0,4.0,16.0,30.0,1.0,12.0,2.0,7.0,2.0,0.0,5.0,2.0,0.0,0.0,0.0,15.0,17.0,5.0,0.0,7.0,7.0,17.0,0.0,2.0,9.0,1.0,7.0,6.0,2.0,3.0,10.0,1.0,13.0,2.0,1.0,1.0,1.0,3.0,3.0,4.0,3.0,5.0,3.0,1.0,5.0,4.0,4.0,5.0,0.0,4.0,1.0,2.0,0.0,14.0,0.0,2.0,,5.0,1.0,9.0,5.0,9.0,3.0,0.0,0.0,0.0,0.0,1.0,5.0,0.0,0.0,1.0,0.0,3.0,0.0,0.0,2.0,2.0,5.0,2.0,0.0,5.0,0.0,0.0,0.0,9.0,0.0,4.0,2.0
trees,15.0,39.0,13.0,4.0,21.0,10.0,7.0,20.0,2.0,8.0,9.0,34.0,23.0,13.0,24.0,1.0,7.0,3.0,7.0,5.0,1.0,3.0,11.0,0.0,1.0,1.0,2.0,20.0,5.0,8.0,3.0,1.0,2.0,0.0,5.0,32.0,0.0,12.0,5.0,4.0,4.0,3.0,3.0,4.0,8.0,0.0,12.0,5.0,1.0,6.0,8.0,5.0,0.0,1.0,4.0,5.0,2.0,10.0,8.0,5.0,3.0,2.0,7.0,2.0,4.0,1.0,2.0,5.0,,4.0,1.0,0.0,3.0,12.0,0.0,0.0,1.0,0.0,0.0,2.0,6.0,1.0,0.0,2.0,3.0,0.0,0.0,4.0,0.0,6.0,2.0,0.0,8.0,6.0,0.0,1.0,3.0,1.0,1.0,9.0
paris,13.0,8.0,9.0,8.0,5.0,11.0,4.0,1.0,5.0,4.0,5.0,0.0,3.0,1.0,6.0,1.0,2.0,3.0,2.0,3.0,1.0,0.0,2.0,0.0,2.0,1.0,6.0,0.0,4.0,2.0,6.0,1.0,3.0,1.0,7.0,3.0,2.0,3.0,0.0,3.0,1.0,1.0,6.0,2.0,0.0,0.0,5.0,8.0,1.0,1.0,0.0,80.0,0.0,0.0,0.0,1.0,0.0,2.0,0.0,3.0,0.0,2.0,2.0,1.0,6.0,1.0,1.0,1.0,4.0,,0.0,1.0,5.0,1.0,0.0,2.0,1.0,1.0,2.0,0.0,2.0,1.0,1.0,0.0,4.0,1.0,1.0,3.0,0.0,1.0,2.0,1.0,3.0,0.0,0.0,6.0,1.0,0.0,0.0,5.0
newyork,24.0,5.0,3.0,13.0,5.0,2.0,10.0,1.0,6.0,6.0,18.0,2.0,8.0,9.0,10.0,1.0,6.0,1.0,2.0,1.0,0.0,2.0,3.0,3.0,2.0,13.0,12.0,2.0,8.0,0.0,11.0,12.0,11.0,0.0,3.0,4.0,5.0,4.0,0.0,2.0,1.0,100.0,3.0,17.0,0.0,1.0,1.0,5.0,1.0,1.0,2.0,0.0,0.0,6.0,1.0,19.0,0.0,2.0,2.0,3.0,3.0,0.0,1.0,0.0,6.0,0.0,1.0,9.0,1.0,0.0,,1.0,5.0,1.0,0.0,1.0,0.0,6.0,0.0,9.0,3.0,2.0,0.0,1.0,0.0,2.0,0.0,0.0,0.0,1.0,8.0,3.0,6.0,0.0,0.0,2.0,2.0,0.0,0.0,2.0
d80,9.0,6.0,112.0,6.0,10.0,8.0,0.0,7.0,4.0,7.0,9.0,5.0,3.0,3.0,5.0,3.0,2.0,3.0,3.0,3.0,2.0,3.0,1.0,7.0,0.0,4.0,8.0,4.0,1.0,6.0,2.0,6.0,1.0,2.0,3.0,3.0,0.0,5.0,3.0,1.0,1.0,1.0,3.0,6.0,3.0,1.0,0.0,2.0,0.0,2.0,1.0,1.0,4.0,1.0,0.0,2.0,1.0,1.0,1.0,4.0,2.0,0.0,2.0,3.0,4.0,0.0,1.0,5.0,0.0,1.0,1.0,,2.0,2.0,0.0,1.0,0.0,1.0,10.0,2.0,1.0,6.0,0.0,1.0,0.0,0.0,3.0,4.0,0.0,1.0,3.0,2.0,1.0,1.0,2.0,1.0,0.0,0.0,0.0,2.0
travel,16.0,11.0,16.0,16.0,11.0,5.0,16.0,12.0,3.0,4.0,3.0,13.0,2.0,8.0,8.0,1.0,9.0,1.0,6.0,2.0,0.0,9.0,1.0,0.0,4.0,8.0,9.0,14.0,14.0,1.0,6.0,12.0,10.0,0.0,5.0,6.0,0.0,11.0,3.0,2.0,4.0,5.0,10.0,9.0,5.0,3.0,6.0,7.0,12.0,7.0,5.0,5.0,2.0,4.0,0.0,16.0,8.0,4.0,0.0,5.0,1.0,1.0,4.0,2.0,7.0,4.0,3.0,9.0,3.0,5.0,5.0,2.0,,1.0,3.0,2.0,0.0,4.0,1.0,5.0,5.0,2.0,1.0,1.0,6.0,0.0,5.0,0.0,4.0,1.0,1.0,0.0,3.0,1.0,5.0,1.0,2.0,4.0,0.0,2.0
winter,13.0,11.0,10.0,11.0,9.0,7.0,7.0,18.0,4.0,4.0,5.0,15.0,2.0,9.0,11.0,5.0,6.0,5.0,4.0,7.0,3.0,2.0,3.0,4.0,3.0,5.0,2.0,20.0,2.0,1.0,2.0,1.0,0.0,1.0,6.0,16.0,0.0,6.0,2.0,1.0,3.0,1.0,3.0,8.0,3.0,2.0,3.0,4.0,3.0,1.0,1.0,3.0,0.0,8.0,3.0,5.0,0.0,62.0,13.0,2.0,3.0,3.0,2.0,1.0,4.0,0.0,2.0,3.0,12.0,1.0,1.0,2.0,1.0,,0.0,4.0,0.0,1.0,2.0,1.0,0.0,6.0,3.0,0.0,3.0,0.0,0.0,0.0,0.0,15.0,3.0,1.0,5.0,3.0,0.0,2.0,1.0,7.0,1.0,4.0
food,13.0,0.0,1.0,8.0,1.0,1.0,2.0,1.0,0.0,7.0,0.0,1.0,4.0,0.0,0.0,8.0,1.0,0.0,1.0,1.0,0.0,0.0,4.0,1.0,0.0,6.0,0.0,0.0,3.0,1.0,0.0,2.0,0.0,0.0,0.0,0.0,0.0,0.0,3.0,1.0,0.0,2.0,0.0,1.0,0.0,3.0,0.0,2.0,0.0,1.0,0.0,1.0,2.0,5.0,3.0,3.0,0.0,0.0,1.0,2.0,6.0,1.0,2.0,0.0,0.0,3.0,0.0,0.0,0.0,0.0,0.0,0.0,3.0,0.0,,0.0,0.0,1.0,0.0,0.0,0.0,0.0,3.0,2.0,0.0,0.0,3.0,2.0,1.0,0.0,0.0,0.0,0.0,0.0,2.0,0.0,0.0,1.0,1.0,0.0
bird,12.0,10.0,8.0,3.0,9.0,3.0,6.0,11.0,2.0,2.0,0.0,32.0,4.0,1.0,5.0,2.0,2.0,4.0,6.0,6.0,0.0,4.0,6.0,1.0,0.0,9.0,3.0,1.0,0.0,0.0,1.0,3.0,1.0,0.0,2.0,3.0,1.0,3.0,2.0,4.0,9.0,1.0,0.0,1.0,17.0,2.0,1.0,4.0,2.0,3.0,7.0,1.0,2.0,2.0,1.0,1.0,1.0,2.0,0.0,4.0,2.0,2.0,3.0,1.0,0.0,1.0,5.0,0.0,0.0,2.0,1.0,1.0,2.0,4.0,0.0,,0.0,1.0,0.0,1.0,0.0,3.0,0.0,0.0,3.0,0.0,0.0,0.0,1.0,2.0,0.0,0.0,1.0,0.0,4.0,0.0,1.0,1.0,0.0,3.0
self,17.0,1.0,8.0,3.0,3.0,6.0,8.0,0.0,59.0,3.0,1.0,2.0,3.0,0.0,1.0,1.0,4.0,0.0,4.0,6.0,53.0,0.0,2.0,1.0,50.0,2.0,1.0,0.0,3.0,2.0,0.0,7.0,0.0,47.0,3.0,0.0,0.0,10.0,0.0,5.0,1.0,1.0,2.0,1.0,0.0,0.0,1.0,5.0,0.0,1.0,0.0,1.0,1.0,1.0,2.0,0.0,0.0,1.0,5.0,7.0,0.0,2.0,3.0,4.0,0.0,0.0,0.0,0.0,1.0,1.0,0.0,0.0,0.0,0.0,0.0,0.0,,0.0,5.0,0.0,1.0,1.0,3.0,1.0,3.0,0.0,0.0,0.0,0.0,0.0,1.0,2.0,0.0,2.0,0.0,4.0,5.0,0.0,1.0,0.0
sign,10.0,10.0,4.0,9.0,9.0,4.0,2.0,1.0,1.0,11.0,2.0,0.0,1.0,3.0,2.0,0.0,5.0,0.0,0.0,2.0,0.0,3.0,9.0,0.0,0.0,5.0,5.0,1.0,3.0,0.0,5.0,3.0,3.0,0.0,1.0,0.0,2.0,2.0,4.0,0.0,0.0,4.0,3.0,3.0,0.0,6.0,1.0,4.0,1.0,0.0,1.0,1.0,2.0,2.0,1.0,1.0,5.0,2.0,1.0,2.0,2.0,1.0,0.0,1.0,6.0,4.0,0.0,0.0,0.0,1.0,6.0,1.0,4.0,1.0,1.0,1.0,0.0,,1.0,6.0,0.0,0.0,0.0,2.0,1.0,3.0,0.0,0.0,1.0,1.0,1.0,0.0,2.0,1.0,0.0,4.0,0.0,5.0,2.0,0.0
50mm,13.0,1.0,29.0,5.0,5.0,12.0,22.0,4.0,17.0,2.0,3.0,1.0,3.0,1.0,0.0,9.0,5.0,4.0,4.0,4.0,5.0,1.0,3.0,4.0,2.0,5.0,2.0,1.0,0.0,1.0,5.0,3.0,0.0,5.0,2.0,1.0,0.0,2.0,2.0,3.0,0.0,0.0,3.0,0.0,2.0,0.0,1.0,5.0,0.0,1.0,0.0,3.0,2.0,2.0,1.0,0.0,0.0,1.0,5.0,2.0,2.0,7.0,1.0,5.0,2.0,0.0,2.0,1.0,0.0,2.0,0.0,10.0,1.0,2.0,0.0,0.0,5.0,1.0,,0.0,2.0,14.0,0.0,0.0,6.0,0.0,4.0,2.0,0.0,0.0,2.0,5.0,0.0,1.0,1.0,1.0,0.0,0.0,0.0,0.0
building,17.0,20.0,4.0,5.0,18.0,10.0,4.0,6.0,0.0,5.0,12.0,0.0,9.0,5.0,11.0,0.0,13.0,0.0,2.0,12.0,0.0,0.0,8.0,1.0,0.0,6.0,2.0,6.0,3.0,0.0,4.0,3.0,53.0,0.0,6.0,5.0,2.0,13.0,7.0,9.0,1.0,8.0,4.0,21.0,0.0,6.0,1.0,2.0,1.0,0.0,2.0,0.0,2.0,2.0,0.0,12.0,4.0,1.0,6.0,2.0,3.0,2.0,0.0,0.0,13.0,4.0,2.0,5.0,2.0,0.0,9.0,2.0,5.0,1.0,0.0,1.0,0.0,6.0,0.0,,1.0,1.0,4.0,0.0,1.0,0.0,3.0,2.0,1.0,1.0,2.0,0.0,3.0,0.0,3.0,1.0,2.0,2.0,0.0,1.0
summer,16.0,18.0,7.0,24.0,9.0,4.0,9.0,13.0,5.0,8.0,5.0,11.0,7.0,14.0,14.0,6.0,5.0,10.0,2.0,7.0,2.0,13.0,7.0,3.0,7.0,8.0,4.0,8.0,2.0,1.0,2.0,8.0,0.0,1.0,4.0,4.0,0.0,2.0,3.0,7.0,0.0,3.0,11.0,4.0,0.0,2.0,15.0,1.0,12.0,2.0,1.0,1.0,0.0,5.0,1.0,10.0,2.0,1.0,3.0,2.0,3.0,2.0,4.0,4.0,2.0,1.0,2.0,0.0,6.0,2.0,3.0,1.0,5.0,0.0,0.0,0.0,1.0,0.0,2.0,1.0,,0.0,3.0,6.0,1.0,0.0,0.0,5.0,2.0,5.0,3.0,1.0,5.0,3.0,0.0,4.0,0.0,1.0,1.0,1.0
bokeh,19.0,1.0,24.0,6.0,10.0,5.0,16.0,7.0,8.0,11.0,5.0,5.0,12.0,1.0,1.0,21.0,6.0,16.0,7.0,7.0,3.0,1.0,8.0,2.0,1.0,15.0,1.0,0.0,0.0,15.0,3.0,9.0,0.0,2.0,3.0,9.0,0.0,2.0,3.0,1.0,5.0,2.0,4.0,1.0,9.0,1.0,1.0,9.0,0.0,3.0,5.0,0.0,1.0,0.0,3.0,7.0,1.0,3.0,5.0,2.0,7.0,3.0,8.0,3.0,2.0,0.0,3.0,0.0,1.0,1.0,2.0,6.0,2.0,6.0,0.0,3.0,1.0,0.0,14.0,1.0,0.0,,1.0,1.0,9.0,0.0,2.0,4.0,0.0,0.0,11.0,5.0,0.0,1.0,1.0,0.0,1.0,1.0,1.0,0.0
home,14.0,5.0,2.0,9.0,2.0,2.0,7.0,3.0,4.0,4.0,5.0,3.0,1.0,4.0,4.0,5.0,8.0,3.0,1.0,5.0,4.0,0.0,2.0,6.0,7.0,6.0,1.0,2.0,5.0,2.0,3.0,2.0,6.0,3.0,3.0,5.0,0.0,1.0,2.0,2.0,1.0,2.0,4.0,2.0,2.0,0.0,3.0,2.0,1.0,1.0,0.0,1.0,3.0,4.0,0.0,7.0,3.0,2.0,3.0,4.0,1.0,1.0,1.0,0.0,1.0,0.0,0.0,1.0,0.0,1.0,0.0,0.0,1.0,3.0,3.0,0.0,3.0,0.0,0.0,4.0,3.0,1.0,,1.0,1.0,0.0,3.0,1.0,3.0,1.0,2.0,0.0,1.0,3.0,1.0,2.0,0.0,1.0,4.0,1.0
love,6.0,3.0,6.0,2.0,6.0,5.0,5.0,2.0,4.0,11.0,1.0,5.0,7.0,3.0,2.0,0.0,4.0,3.0,1.0,6.0,2.0,5.0,6.0,3.0,6.0,2.0,2.0,0.0,4.0,8.0,5.0,2.0,0.0,4.0,4.0,4.0,5.0,2.0,1.0,4.0,0.0,1.0,4.0,1.0,1.0,2.0,2.0,2.0,2.0,1.0,1.0,0.0,3.0,2.0,6.0,0.0,2.0,0.0,1.0,3.0,1.0,1.0,2.0,5.0,2.0,1.0,1.0,0.0,2.0,0.0,1.0,1.0,1.0,0.0,2.0,0.0,1.0,2.0,0.0,0.0,6.0,1.0,1.0,,2.0,2.0,0.0,9.0,2.0,1.0,0.0,1.0,1.0,1.0,2.0,2.0,1.0,0.0,1.0,1.0
d50,18.0,5.0,86.0,8.0,5.0,4.0,0.0,7.0,7.0,3.0,12.0,11.0,8.0,4.0,5.0,18.0,5.0,6.0,7.0,3.0,2.0,4.0,3.0,3.0,2.0,12.0,0.0,4.0,3.0,1.0,5.0,7.0,1.0,2.0,3.0,6.0,0.0,4.0,2.0,3.0,6.0,2.0,6.0,1.0,7.0,0.0,4.0,15.0,2.0,6.0,6.0,6.0,0.0,4.0,3.0,1.0,1.0,2.0,0.0,6.0,1.0,0.0,0.0,0.0,1.0,0.0,5.0,3.0,3.0,4.0,0.0,0.0,6.0,3.0,0.0,3.0,3.0,1.0,6.0,1.0,1.0,9.0,1.0,2.0,,0.0,1.0,5.0,1.0,2.0,2.0,0.0,1.0,1.0,0.0,2.0,3.0,1.0,3.0,2.0
streetart,4.0,1.0,1.0,5.0,1.0,0.0,1.0,0.0,1.0,6.0,0.0,0.0,2.0,0.0,0.0,0.0,1.0,0.0,1.0,0.0,0.0,2.0,0.0,1.0,0.0,2.0,2.0,0.0,21.0,0.0,8.0,2.0,0.0,0.0,0.0,0.0,68.0,0.0,0.0,0.0,0.0,22.0,0.0,3.0,0.0,11.0,0.0,0.0,1.0,0.0,0.0,1.0,1.0,0.0,0.0,0.0,2.0,0.0,1.0,0.0,0.0,2.0,0.0,0.0,7.0,5.0,0.0,0.0,0.0,1.0,2.0,0.0,0.0,0.0,0.0,0.0,0.0,3.0,0.0,0.0,0.0,0.0,0.0,2.0,0.0,,0.0,1.0,1.0,0.0,0.0,0.0,0.0,0.0,0.0,1.0,2.0,2.0,0.0,0.0
e,0.0,6.0,13.0,7.0,0.0,5.0,8.0,0.0,6.0,0.0,3.0,0.0,0.0,0.0,2.0,3.0,3.0,0.0,0.0,0.0,0.0,0.0,0.0,2.0,0.0,0.0,0.0,0.0,1.0,0.0,0.0,3.0,0.0,0.0,0.0,0.0,1.0,0.0,1.0,0.0,0.0,0.0,0.0,3.0,0.0,1.0,0.0,0.0,0.0,0.0,0.0,0.0,15.0,7.0,0.0,0.0,0.0,1.0,0.0,1.0,0.0,5.0,3.0,3.0,2.0,1.0,0.0,0.0,0.0,1.0,0.0,3.0,0.0,0.0,3.0,0.0,0.0,0.0,4.0,3.0,0.0,0.0,0.0,0.0,1.0,0.0,,1.0,0.0,0.0,1.0,0.0,0.0,1.0,0.0,0.0,1.0,0.0,0.0,1.0
colors,22.0,13.0,19.0,7.0,18.0,2.0,6.0,8.0,2.0,19.0,9.0,13.0,17.0,8.0,6.0,9.0,9.0,6.0,5.0,3.0,3.0,3.0,16.0,1.0,3.0,6.0,2.0,7.0,6.0,12.0,3.0,4.0,1.0,1.0,1.0,2.0,2.0,6.0,0.0,4.0,5.0,1.0,2.0,2.0,4.0,4.0,5.0,4.0,2.0,3.0,3.0,2.0,1.0,2.0,4.0,0.0,5.0,0.0,1.0,19.0,4.0,1.0,7.0,1.0,5.0,0.0,1.0,2.0,4.0,3.0,0.0,4.0,0.0,0.0,2.0,0.0,0.0,0.0,2.0,2.0,5.0,4.0,1.0,9.0,5.0,1.0,1.0,,3.0,0.0,4.0,2.0,0.0,3.0,0.0,1.0,1.0,0.0,1.0,4.0
italia,16.0,8.0,3.0,13.0,3.0,10.0,10.0,3.0,2.0,1.0,7.0,2.0,1.0,9.0,6.0,0.0,3.0,1.0,11.0,0.0,0.0,3.0,1.0,2.0,0.0,1.0,3.0,1.0,0.0,3.0,4.0,3.0,7.0,0.0,5.0,5.0,1.0,2.0,0.0,1.0,6.0,0.0,6.0,8.0,2.0,0.0,3.0,2.0,4.0,2.0,2.0,0.0,0.0,2.0,2.0,0.0,111.0,0.0,0.0,1.0,0.0,0.0,1.0,0.0,2.0,0.0,4.0,2.0,0.0,0.0,0.0,0.0,4.0,0.0,1.0,1.0,0.0,1.0,0.0,1.0,2.0,0.0,3.0,2.0,1.0,1.0,0.0,3.0,,4.0,2.0,0.0,1.0,0.0,0.0,3.0,0.0,0.0,2.0,2.0
lake,11.0,18.0,14.0,6.0,15.0,5.0,6.0,62.0,2.0,4.0,5.0,24.0,3.0,15.0,16.0,0.0,2.0,2.0,9.0,2.0,1.0,4.0,0.0,2.0,0.0,4.0,4.0,35.0,0.0,0.0,0.0,6.0,0.0,0.0,3.0,7.0,0.0,18.0,2.0,2.0,5.0,0.0,0.0,2.0,4.0,0.0,8.0,1.0,2.0,0.0,2.0,1.0,0.0,0.0,1.0,1.0,3.0,9.0,25.0,2.0,2.0,3.0,1.0,1.0,0.0,0.0,3.0,5.0,6.0,1.0,1.0,1.0,1.0,15.0,0.0,2.0,0.0,1.0,0.0,1.0,5.0,0.0,1.0,1.0,2.0,0.0,0.0,0.0,4.0,,1.0,0.0,3.0,0.0,1.0,0.0,0.0,6.0,0.0,2.0
lights,28.0,18.0,9.0,6.0,11.0,4.0,8.0,5.0,1.0,10.0,50.0,5.0,6.0,6.0,7.0,1.0,13.0,0.0,2.0,3.0,1.0,2.0,6.0,0.0,0.0,10.0,2.0,6.0,2.0,1.0,10.0,5.0,5.0,1.0,2.0,7.0,0.0,8.0,3.0,3.0,1.0,7.0,1.0,22.0,2.0,5.0,5.0,4.0,2.0,2.0,5.0,3.0,1.0,0.0,2.0,3.0,4.0,2.0,3.0,1.0,3.0,3.0,2.0,1.0,7.0,1.0,2.0,2.0,2.0,2.0,8.0,3.0,1.0,3.0,0.0,0.0,1.0,1.0,2.0,2.0,3.0,11.0,2.0,0.0,2.0,0.0,1.0,4.0,2.0,1.0,,2.0,3.0,2.0,0.0,0.0,1.0,3.0,0.0,0.0
music,9.0,3.0,4.0,4.0,5.0,5.0,7.0,0.0,4.0,5.0,1.0,0.0,3.0,1.0,1.0,0.0,3.0,1.0,2.0,4.0,2.0,3.0,3.0,1.0,3.0,6.0,0.0,1.0,2.0,1.0,2.0,2.0,0.0,3.0,4.0,0.0,0.0,3.0,1.0,3.0,0.0,3.0,5.0,1.0,0.0,2.0,1.0,3.0,0.0,0.0,1.0,2.0,0.0,1.0,3.0,2.0,1.0,0.0,2.0,2.0,1.0,1.0,2.0,1.0,0.0,0.0,1.0,0.0,0.0,1.0,3.0,2.0,0.0,1.0,0.0,0.0,2.0,0.0,5.0,0.0,1.0,5.0,0.0,1.0,0.0,0.0,0.0,2.0,0.0,0.0,2.0,,0.0,1.0,0.0,0.0,0.0,0.0,3.0,0.0
river,12.0,17.0,6.0,5.0,8.0,6.0,7.0,36.0,3.0,5.0,12.0,16.0,6.0,12.0,8.0,1.0,10.0,1.0,4.0,2.0,0.0,2.0,0.0,2.0,0.0,3.0,5.0,9.0,1.0,0.0,1.0,5.0,2.0,0.0,5.0,6.0,0.0,9.0,3.0,2.0,3.0,6.0,2.0,7.0,4.0,7.0,6.0,2.0,5.0,4.0,5.0,4.0,0.0,2.0,2.0,7.0,2.0,5.0,3.0,1.0,2.0,4.0,5.0,0.0,4.0,1.0,3.0,5.0,8.0,3.0,6.0,1.0,3.0,5.0,0.0,1.0,0.0,2.0,0.0,3.0,5.0,0.0,1.0,1.0,1.0,0.0,1.0,0.0,1.0,3.0,3.0,0.0,,2.0,3.0,1.0,0.0,1.0,0.0,9.0
shadow,15.0,11.0,6.0,1.0,10.0,13.0,7.0,3.0,7.0,9.0,7.0,6.0,7.0,5.0,6.0,2.0,25.0,3.0,2.0,9.0,3.0,2.0,9.0,2.0,6.0,6.0,4.0,3.0,2.0,4.0,6.0,2.0,4.0,1.0,6.0,9.0,0.0,8.0,4.0,6.0,1.0,0.0,1.0,2.0,1.0,2.0,5.0,1.0,0.0,2.0,1.0,0.0,1.0,2.0,2.0,1.0,0.0,1.0,0.0,4.0,3.0,1.0,5.0,3.0,4.0,2.0,0.0,0.0,6.0,0.0,0.0,1.0,1.0,3.0,0.0,0.0,2.0,1.0,1.0,0.0,3.0,1.0,3.0,1.0,1.0,0.0,1.0,3.0,0.0,0.0,2.0,1.0,2.0,,0.0,6.0,1.0,0.0,1.0,4.0
india,7.0,4.0,6.0,6.0,5.0,3.0,8.0,2.0,6.0,8.0,2.0,6.0,2.0,3.0,1.0,7.0,2.0,4.0,0.0,1.0,1.0,4.0,2.0,1.0,2.0,1.0,1.0,1.0,1.0,2.0,3.0,1.0,4.0,0.0,0.0,1.0,0.0,2.0,0.0,1.0,2.0,0.0,9.0,2.0,3.0,0.0,4.0,1.0,1.0,0.0,2.0,0.0,0.0,0.0,0.0,0.0,0.0,0.0,0.0,0.0,1.0,4.0,0.0,1.0,1.0,0.0,2.0,0.0,0.0,0.0,0.0,2.0,5.0,0.0,2.0,4.0,0.0,0.0,1.0,3.0,0.0,1.0,1.0,2.0,0.0,0.0,0.0,0.0,0.0,1.0,0.0,0.0,3.0,0.0,,3.0,1.0,0.0,0.0,0.0
man,10.0,2.0,5.0,8.0,5.0,25.0,7.0,2.0,20.0,5.0,3.0,2.0,3.0,3.0,2.0,0.0,4.0,0.0,2.0,5.0,13.0,4.0,0.0,2.0,12.0,5.0,4.0,2.0,4.0,0.0,12.0,4.0,3.0,8.0,5.0,1.0,1.0,2.0,4.0,7.0,0.0,3.0,12.0,6.0,0.0,3.0,1.0,2.0,2.0,1.0,1.0,1.0,3.0,2.0,0.0,5.0,4.0,5.0,3.0,1.0,1.0,2.0,1.0,0.0,2.0,2.0,1.0,0.0,1.0,6.0,2.0,1.0,1.0,2.0,0.0,0.0,4.0,4.0,1.0,1.0,4.0,0.0,2.0,2.0,2.0,1.0,0.0,1.0,3.0,0.0,0.0,0.0,1.0,6.0,3.0,,2.0,1.0,1.0,2.0
photoshop,14.0,9.0,7.0,8.0,10.0,6.0,4.0,4.0,6.0,2.0,4.0,2.0,6.0,2.0,5.0,1.0,5.0,2.0,2.0,3.0,12.0,2.0,1.0,0.0,8.0,6.0,1.0,2.0,4.0,0.0,1.0,7.0,4.0,11.0,5.0,4.0,1.0,1.0,1.0,3.0,1.0,1.0,3.0,0.0,0.0,2.0,4.0,3.0,1.0,2.0,0.0,2.0,1.0,5.0,1.0,4.0,1.0,2.0,3.0,2.0,3.0,1.0,1.0,2.0,1.0,2.0,1.0,9.0,3.0,1.0,2.0,0.0,2.0,1.0,0.0,1.0,5.0,0.0,0.0,2.0,0.0,1.0,0.0,1.0,3.0,2.0,1.0,1.0,0.0,0.0,1.0,0.0,0.0,1.0,1.0,2.0,,0.0,2.0,1.0
chicago,6.0,3.0,1.0,3.0,2.0,3.0,0.0,7.0,1.0,2.0,7.0,0.0,0.0,1.0,3.0,0.0,2.0,0.0,0.0,0.0,0.0,2.0,2.0,3.0,0.0,1.0,1.0,0.0,6.0,2.0,4.0,0.0,2.0,0.0,1.0,1.0,0.0,2.0,0.0,0.0,0.0,0.0,0.0,8.0,0.0,0.0,3.0,1.0,0.0,0.0,0.0,0.0,0.0,0.0,0.0,8.0,0.0,7.0,0.0,1.0,2.0,2.0,2.0,0.0,4.0,0.0,2.0,0.0,1.0,0.0,0.0,0.0,4.0,7.0,1.0,1.0,0.0,5.0,0.0,2.0,1.0,1.0,1.0,0.0,1.0,2.0,0.0,0.0,0.0,6.0,3.0,0.0,1.0,0.0,0.0,1.0,0.0,,0.0,2.0
vintage,5.0,1.0,3.0,4.0,2.0,3.0,3.0,0.0,3.0,6.0,1.0,0.0,6.0,0.0,1.0,0.0,1.0,1.0,3.0,7.0,1.0,0.0,2.0,0.0,1.0,1.0,0.0,0.0,8.0,2.0,3.0,0.0,1.0,1.0,3.0,1.0,0.0,0.0,4.0,3.0,0.0,0.0,1.0,1.0,0.0,0.0,0.0,0.0,0.0,0.0,0.0,2.0,0.0,4.0,5.0,2.0,3.0,2.0,1.0,3.0,4.0,3.0,2.0,2.0,1.0,0.0,0.0,4.0,1.0,0.0,0.0,0.0,0.0,1.0,1.0,0.0,1.0,2.0,0.0,0.0,1.0,1.0,4.0,1.0,3.0,0.0,0.0,1.0,2.0,0.0,0.0,3.0,0.0,1.0,0.0,1.0,2.0,0.0,,0.0
park,6.0,8.0,11.0,3.0,8.0,4.0,5.0,11.0,4.0,5.0,4.0,16.0,6.0,4.0,6.0,1.0,3.0,5.0,4.0,4.0,1.0,2.0,3.0,4.0,2.0,6.0,3.0,9.0,3.0,2.0,3.0,4.0,2.0,1.0,1.0,8.0,0.0,2.0,4.0,5.0,1.0,7.0,5.0,6.0,4.0,4.0,6.0,0.0,3.0,1.0,3.0,3.0,7.0,1.0,2.0,7.0,2.0,4.0,5.0,3.0,1.0,2.0,7.0,0.0,5.0,1.0,1.0,2.0,9.0,5.0,2.0,2.0,2.0,4.0,0.0,3.0,0.0,0.0,0.0,1.0,1.0,0.0,1.0,1.0,2.0,0.0,1.0,4.0,2.0,2.0,0.0,0.0,9.0,4.0,0.0,2.0,1.0,2.0,0.0,
